model,pop,num_ab,duration_ms,transient_ms,input_rate_per_afferent_Hz,total_input_rate_Hz,seed,output_rate_Hz
medlock,PKC,20,2000.0,500.0,1,20,1056,1.577777777777778
medlock,PKC,20,2000.0,500.0,1,20,3008,1.7333333333333334
medlock,PKC,20,2000.0,500.0,1,20,5200,1.6222222222222222
medlock,PKC,20,2000.0,500.0,1,20,601,1.4
medlock,PKC,20,2000.0,500.0,1,20,7231,0.8444444444444444
medlock,PKC,20,2000.0,500.0,1,20,853,0.7555555555555556
medlock,PKC,20,2000.0,500.0,1,20,6000,1.1111111111111112
medlock,PKC,20,2000.0,500.0,3,60,1056,5.311111111111112
medlock,PKC,20,2000.0,500.0,3,60,3008,4.511111111111111
medlock,PKC,20,2000.0,500.0,3,60,5200,5.155555555555555
medlock,PKC,20,2000.0,500.0,3,60,601,5.177777777777778
medlock,PKC,20,2000.0,500.0,3,60,7231,6.555555555555555
medlock,PKC,20,2000.0,500.0,3,60,853,6.4
medlock,PKC,20,2000.0,500.0,3,60,6000,5.888888888888888
medlock,PKC,20,2000.0,500.0,5,100,1056,9.422222222222222
medlock,PKC,20,2000.0,500.0,5,100,3008,10.11111111111111
medlock,PKC,20,2000.0,500.0,5,100,5200,10.533333333333333
medlock,PKC,20,2000.0,500.0,5,100,601,9.466666666666667
medlock,PKC,20,2000.0,500.0,5,100,7231,10.333333333333334
medlock,PKC,20,2000.0,500.0,5,100,853,14.066666666666666
medlock,PKC,20,2000.0,500.0,5,100,6000,11.511111111111111
medlock,PKC,20,2000.0,500.0,7,140,1056,14.244444444444444
medlock,PKC,20,2000.0,500.0,7,140,3008,15.466666666666667
medlock,PKC,20,2000.0,500.0,7,140,5200,16.8
medlock,PKC,20,2000.0,500.0,7,140,601,12.666666666666666
medlock,PKC,20,2000.0,500.0,7,140,7231,16.6
medlock,PKC,20,2000.0,500.0,7,140,853,19.955555555555556
medlock,PKC,20,2000.0,500.0,7,140,6000,16.355555555555558
medlock,PKC,20,2000.0,500.0,9,180,1056,20.977777777777778
medlock,PKC,20,2000.0,500.0,9,180,3008,20.88888888888889
medlock,PKC,20,2000.0,500.0,9,180,5200,21.6
medlock,PKC,20,2000.0,500.0,9,180,601,17.666666666666668
medlock,PKC,20,2000.0,500.0,9,180,7231,23.22222222222222
medlock,PKC,20,2000.0,500.0,9,180,853,23.91111111111111
medlock,PKC,20,2000.0,500.0,9,180,6000,23.2
medlock,PKC,20,2000.0,500.0,12,240,1056,28.755555555555553
medlock,PKC,20,2000.0,500.0,12,240,3008,33.06666666666667
medlock,PKC,20,2000.0,500.0,12,240,5200,33.2
medlock,PKC,20,2000.0,500.0,12,240,601,29.311111111111114
medlock,PKC,20,2000.0,500.0,12,240,7231,32.2
medlock,PKC,20,2000.0,500.0,12,240,853,33.84444444444445
medlock,PKC,20,2000.0,500.0,12,240,6000,33.75555555555555
medlock,PKC,20,2000.0,500.0,15,300,1056,37.6
medlock,PKC,20,2000.0,500.0,15,300,3008,42.37777777777777
medlock,PKC,20,2000.0,500.0,15,300,5200,42.46666666666667
medlock,PKC,20,2000.0,500.0,15,300,601,37.955555555555556
medlock,PKC,20,2000.0,500.0,15,300,7231,39.17777777777778
medlock,PKC,20,2000.0,500.0,15,300,853,41.422222222222224
medlock,PKC,20,2000.0,500.0,15,300,6000,41.82222222222222
medlock,PKC,20,2000.0,500.0,20,400,1056,51.13333333333333
medlock,PKC,20,2000.0,500.0,20,400,3008,54.977777777777774
medlock,PKC,20,2000.0,500.0,20,400,5200,55.06666666666667
medlock,PKC,20,2000.0,500.0,20,400,601,54.22222222222222
medlock,PKC,20,2000.0,500.0,20,400,7231,52.6
medlock,PKC,20,2000.0,500.0,20,400,853,54.06666666666667
medlock,PKC,20,2000.0,500.0,20,400,6000,53.422222222222224
medlock,PKC,20,2000.0,500.0,25,500,1056,64.4888888888889
medlock,PKC,20,2000.0,500.0,25,500,3008,66.11111111111111
medlock,PKC,20,2000.0,500.0,25,500,5200,65.3111111111111
medlock,PKC,20,2000.0,500.0,25,500,601,66.04444444444444
medlock,PKC,20,2000.0,500.0,25,500,7231,63.06666666666667
medlock,PKC,20,2000.0,500.0,25,500,853,64.28888888888889
medlock,PKC,20,2000.0,500.0,25,500,6000,65.53333333333333
medlock,PKC,20,2000.0,500.0,30,600,1056,74.6
medlock,PKC,20,2000.0,500.0,30,600,3008,73.55555555555556
medlock,PKC,20,2000.0,500.0,30,600,5200,73.8
medlock,PKC,20,2000.0,500.0,30,600,601,74.82222222222222
medlock,PKC,20,2000.0,500.0,30,600,7231,71.91111111111111
medlock,PKC,20,2000.0,500.0,30,600,853,75.8
medlock,PKC,20,2000.0,500.0,30,600,6000,74.53333333333333
medlock,PKC,20,2000.0,500.0,35,700,1056,82.06666666666666
medlock,PKC,20,2000.0,500.0,35,700,3008,82.24444444444445
medlock,PKC,20,2000.0,500.0,35,700,5200,82.71111111111112
medlock,PKC,20,2000.0,500.0,35,700,601,83.0
medlock,PKC,20,2000.0,500.0,35,700,7231,79.71111111111112
medlock,PKC,20,2000.0,500.0,35,700,853,85.24444444444445
medlock,PKC,20,2000.0,500.0,35,700,6000,82.31111111111112
medlock,PKC,20,2000.0,500.0,40,800,1056,89.26666666666667
medlock,PKC,20,2000.0,500.0,40,800,3008,89.57777777777778
medlock,PKC,20,2000.0,500.0,40,800,5200,90.68888888888888
medlock,PKC,20,2000.0,500.0,40,800,601,89.57777777777778
medlock,PKC,20,2000.0,500.0,40,800,7231,87.04444444444445
medlock,PKC,20,2000.0,500.0,40,800,853,92.53333333333333
medlock,PKC,20,2000.0,500.0,40,800,6000,89.26666666666667
medlock,PKC,20,2000.0,500.0,45,900,1056,96.13333333333334
medlock,PKC,20,2000.0,500.0,45,900,3008,95.44444444444444
medlock,PKC,20,2000.0,500.0,45,900,5200,96.44444444444444
medlock,PKC,20,2000.0,500.0,45,900,601,95.8
medlock,PKC,20,2000.0,500.0,45,900,7231,93.0
medlock,PKC,20,2000.0,500.0,45,900,853,97.31111111111112
medlock,PKC,20,2000.0,500.0,45,900,6000,95.13333333333334
medlock,PKC,20,2000.0,500.0,50,1000,1056,101.46666666666667
medlock,PKC,20,2000.0,500.0,50,1000,3008,100.51111111111112
medlock,PKC,20,2000.0,500.0,50,1000,5200,102.0
medlock,PKC,20,2000.0,500.0,50,1000,601,100.8
medlock,PKC,20,2000.0,500.0,50,1000,7231,99.31111111111112
medlock,PKC,20,2000.0,500.0,50,1000,853,102.28888888888888
medlock,PKC,20,2000.0,500.0,50,1000,6000,100.91111111111111
