model,input_rate_Hz,mean_Hz,sd_Hz,n
1-compartment,1.0,0.0,0.0,7
1-compartment,3.0,2.3809523809523805,1.268252974948456,7
1-compartment,5.0,8.476190476190476,2.949307155657528,7
1-compartment,7.0,14.57142857142857,4.705057506297467,7
1-compartment,9.0,21.333333333333336,5.2068331172711035,7
1-compartment,12.0,29.523809523809522,5.398412465054624,7
1-compartment,15.0,38.0,6.452102729314657,7
1-compartment,20.0,55.047619047619044,5.562535298027234,7
1-compartment,25.0,69.52380952380952,7.675977782708526,7
1-compartment,30.0,78.47619047619047,9.06531269068498,7
1-compartment,35.0,85.80952380952381,7.279746492475478,7
1-compartment,40.0,92.76190476190474,5.269458773649887,7
1-compartment,45.0,96.85714285714286,3.1905946436196166,7
1-compartment,50.0,99.04761904761905,1.9572143037204264,7
medlock,1.0,1.2920634920634921,0.3911423748928283,7
medlock,3.0,5.57142857142857,0.738891872532465,7
medlock,5.0,10.777777777777777,1.613114973489327,7
medlock,7.0,16.01269841269841,2.282149630741996,7
medlock,9.0,21.638095238095236,2.116862119321034,7
medlock,12.0,32.01904761904762,2.115645367352423,7
medlock,15.0,40.4031746031746,2.1039421580334334,7
medlock,20.0,53.64126984126984,1.3999076143196798,7
medlock,25.0,64.97777777777777,1.096046017477358,7
medlock,30.0,74.14603174603175,1.2255750069210984,7
medlock,35.0,82.46984126984127,1.627208398531551,7
medlock,40.0,89.70793650793651,1.6564341974376486,7
medlock,45.0,95.60952380952381,1.3519598420301115,7
medlock,50.0,101.04126984126984,1.000528960629422,7
